"id","type","name","aliases","siteScope","summary","description","isCore","recordKind","attributes","citations","layout"
"PER-001","person","毛泽东","[]","yida","中共一大代表，出席1921年在上海和嘉兴举行的会议。","毛泽东作为长沙共产党早期组织代表出席中国共产党第一次全国代表大会，是权威党史资料所列13名中方与会者之一。他参与大会进程，与各地与会者共同讨论建党纲领、工作计划和中央领导机构等议题。","true","historical_fact","{""roles"":""中共一大代表""}","[{""sourceId"":""SRC-002"",""locator"":""中共一大代表名单"",""evidenceExcerpt"":""毛泽东作为长沙代表出席中共一大。""}]","{""x"":80,""y"":80}"
"PER-002","person","董必武","[]","cross_site","中共一大代表，后来亦参与中共代表团在上海的工作。","董必武1921年作为武汉共产党早期组织代表出席中共一大；1946年又参与中共代表团驻沪办事处的筹设与工作，在办事处登记受阻时提出以“周公馆”名义公开挂牌，1947年率最后一批驻沪人员撤离。","true","historical_fact","{""roles"":""中共一大代表；中共代表团成员""}","[{""sourceId"":""SRC-002"",""locator"":""中共一大代表名单"",""evidenceExcerpt"":""董必武作为武汉代表出席中共一大。""},{""sourceId"":""SRC-022"",""locator"":""“周公馆”诞生记第6—9段"",""evidenceExcerpt"":""6月18日董必武提出“不让设立办事处，就称周公馆”；6月22日挂出周公馆户名牌。""}]","{""x"":180,""y"":50}"
"PER-003","person","李达","[]","yida","中共一大代表，上海共产主义小组的重要成员。","李达作为上海共产党早期组织代表参加中国共产党第一次全国代表大会，参与大会筹备和建党文件讨论；大会选举陈独秀、张国焘、李达组成中央局，李达负责宣传工作。","false","historical_fact","{""roles"":""中共一大代表""}","[{""sourceId"":""SRC-002"",""locator"":""中共一大代表名单"",""evidenceExcerpt"":""李达作为上海代表出席中共一大。""}]","{""x"":280,""y"":80}"
"PER-004","person","李汉俊","[]","yida","中共一大代表，会议最初在其住所内举行。","李汉俊作为上海共产党早期组织代表出席中共一大。上海阶段会议在其与兄长李书城的住所望志路106号举行；7月30日晚会场遭搜查后，他留在现场应对巡捕盘查。","true","historical_fact","{""roles"":""中共一大代表；会址主人""}","[{""sourceId"":""SRC-002"",""locator"":""会议会址与代表"",""evidenceExcerpt"":""李汉俊作为上海代表出席会议，会议在其住所举行。""}]","{""x"":380,""y"":50}"
"PER-005","person","张国焘","[]","yida","中共一大代表，代表北京共产主义小组参会。","张国焘作为北京共产党早期组织代表出席中国共产党第一次全国代表大会。权威党史资料将其列入13名中方与会者；在大会进程中，他主持会议并参与各地工作报告和建党文件讨论。","false","historical_fact","{""roles"":""中共一大代表""}","[{""sourceId"":""SRC-002"",""locator"":""中共一大代表名单"",""evidenceExcerpt"":""张国焘作为北京代表出席中共一大。""}]","{""x"":480,""y"":80}"
"PER-006","person","刘仁静","[]","yida","中共一大代表，代表北京共产主义小组参会。","刘仁静作为北京共产党早期组织代表出席中国共产党第一次全国代表大会，是权威党史资料所列13名中方与会者之一。他参加上海阶段会议，并随其他与会者参与建党纲领与工作任务讨论。","false","historical_fact","{""roles"":""中共一大代表""}","[{""sourceId"":""SRC-002"",""locator"":""中共一大代表名单"",""evidenceExcerpt"":""刘仁静作为北京代表出席中共一大。""}]","{""x"":580,""y"":50}"
"PER-007","person","何叔衡","[]","yida","中共一大代表，代表长沙共产主义小组参会。","何叔衡作为长沙共产党早期组织代表出席中国共产党第一次全国代表大会，与毛泽东同为长沙方面与会者。关于他是否参加嘉兴南湖最后一天会议，公开研究存在10人、11人两种口径，本图谱不作确定判断。","false","historical_fact","{""roles"":""中共一大代表""}","[{""sourceId"":""SRC-002"",""locator"":""中共一大代表名单"",""evidenceExcerpt"":""何叔衡作为长沙代表出席中共一大。""}]","{""x"":680,""y"":80}"
"PER-008","person","陈潭秋","[]","yida","中共一大代表，代表武汉共产主义小组参会。","陈潭秋作为武汉共产党早期组织代表出席中国共产党第一次全国代表大会，与董必武同为武汉方面与会者。权威党史资料将其列入13名中方与会者，参加上海阶段的会议讨论。","false","historical_fact","{""roles"":""中共一大代表""}","[{""sourceId"":""SRC-002"",""locator"":""中共一大代表名单"",""evidenceExcerpt"":""陈潭秋作为武汉代表出席中共一大。""}]","{""x"":780,""y"":50}"
"PER-009","person","王尽美","[]","yida","中共一大代表，代表济南共产主义小组参会。","王尽美作为济南共产党早期组织代表出席中国共产党第一次全国代表大会，与邓恩铭同为济南方面与会者。权威党史资料将其列入13名中方与会者，本图谱不在证据不足时断言其具体参会日程。","false","historical_fact","{""roles"":""中共一大代表""}","[{""sourceId"":""SRC-002"",""locator"":""中共一大代表名单"",""evidenceExcerpt"":""王尽美作为济南代表出席中共一大。""}]","{""x"":880,""y"":80}"
"PER-010","person","邓恩铭","[]","yida","中共一大代表，代表济南共产主义小组参会。","邓恩铭作为济南共产党早期组织代表出席中国共产党第一次全国代表大会，与王尽美同为济南方面与会者。权威党史资料将其列入13名中方与会者，参加上海阶段会议讨论。","false","historical_fact","{""roles"":""中共一大代表""}","[{""sourceId"":""SRC-002"",""locator"":""中共一大代表名单"",""evidenceExcerpt"":""邓恩铭作为济南代表出席中共一大。""}]","{""x"":980,""y"":50}"
"PER-011","person","陈公博","[]","yida","中共一大代表，代表广州共产主义小组参会。","陈公博作为广州共产党早期组织代表出席中国共产党第一次全国代表大会，是权威党史资料所列13名中方与会者之一。7月30日晚上海会场遭搜查时，他与会址主人李汉俊留在现场应对巡捕盘查。","false","historical_fact","{""roles"":""中共一大代表""}","[{""sourceId"":""SRC-002"",""locator"":""中共一大代表名单"",""evidenceExcerpt"":""陈公博作为广州代表出席中共一大。""}]","{""x"":1080,""y"":80}"
"PER-012","person","周佛海","[]","yida","中共一大代表，代表旅日共产主义小组参会。","周佛海作为旅日共产党早期组织代表出席中国共产党第一次全国代表大会，是权威党史资料所列13名中方与会者之一。他参与大会期间的建党文件讨论；具体个人日程只在有直接证据时记录。","false","historical_fact","{""roles"":""中共一大代表""}","[{""sourceId"":""SRC-002"",""locator"":""中共一大代表名单"",""evidenceExcerpt"":""周佛海作为旅日代表出席中共一大。""}]","{""x"":1180,""y"":50}"
"PER-013","person","包惠僧","[]","yida","受陈独秀指定参加中共一大，是13名中方与会者之一，代表资格史料表述有异。","包惠僧受当时在广州的陈独秀指定参加中国共产党第一次全国代表大会。通行党史名单将其计入13名中方与会者，中央档案研究则区分12名正式代表与陈独秀指定参会者，本图谱保留这一史料边界。","false","historical_fact","{""roles"":""陈独秀指定参会者（代表资格史料表述有异）""}","[{""sourceId"":""SRC-002"",""locator"":""中共一大代表名单"",""evidenceExcerpt"":""包惠僧受陈独秀委派出席中共一大。""},{""sourceId"":""SRC-014"",""locator"":""中共一大代表人数的档案考证"",""evidenceExcerpt"":""档案研究将大会人员区分为12名正式代表与陈独秀指定参会的包惠僧。""}]","{""x"":1280,""y"":80}"
"PER-014","person","马林","[""亨德利克斯·斯内夫利特""]","yida","共产国际代表，列席中国共产党第一次全国代表大会。","马林作为共产国际代表列席中国共产党第一次全国代表大会，并与上海共产党早期组织成员商议尽快召开全国代表大会。他属于列席人员，不计入13名中方与会者；本图谱不据泛称材料推断其逐日行程。","false","historical_fact","{""roles"":""共产国际代表""}","[{""sourceId"":""SRC-002"",""locator"":""列席人员"",""evidenceExcerpt"":""共产国际代表马林列席中共一大。""}]","{""x"":1380,""y"":50}"
"PER-015","person","尼克尔斯基","[]","yida","共产国际远东书记处代表，列席中共一大。","尼克尔斯基作为共产国际远东书记处代表列席中国共产党第一次全国代表大会，与马林同属列席人员，不计入13名中方与会者。本图谱只记录权威来源可直接支持的会议身份，不推断逐日行程。","false","historical_fact","{""roles"":""共产国际远东书记处代表""}","[{""sourceId"":""SRC-002"",""locator"":""列席人员"",""evidenceExcerpt"":""尼克尔斯基列席中共一大。""}]","{""x"":1480,""y"":80}"
"PER-016","person","周恩来","[]","zhougongguan","1946年在上海周公馆工作生活，开展宣传和统一战线工作。","周恩来1946年在中共代表团驻沪办事处工作、生活，先后举行中外记者招待会，会见民主人士和文化界人士，说明国共谈判与时局，公开阐述和平民主主张并推动爱国民主统一战线工作。","true","historical_fact","{""roles"":""中共代表团负责人""}","[{""sourceId"":""SRC-003"",""locator"":""简介首段"",""evidenceExcerpt"":""周公馆是1946年周恩来在上海工作、生活过的地方。""}]","{""x"":340,""y"":360}"
"PER-017","person","邓颖超","[]","zhougongguan","中共代表团成员，参与周公馆相关工作并为旧址复原提供回忆。","邓颖超是中共代表团成员，1946年参与代表团在上海的社会联络等工作。1981年，她与有关亲历者到周公馆旧址踏勘并提供回忆，为内部陈设校正和历史空间复原提供依据。","true","historical_fact","{""roles"":""中共代表团成员""}","[{""sourceId"":""SRC-003"",""locator"":""旧址修复沿革"",""evidenceExcerpt"":""1981年邓颖超等到旧址参观踏勘并提供回忆。""},{""sourceId"":""SRC-004"",""locator"":""邓颖超名片藏品说明"",""evidenceExcerpt"":""1946年7月18日，邓颖超前往探望养伤中的雷洁琼并留下名片。""}]","{""x"":460,""y"":330}"
"PER-018","person","李维汉","[]","zhougongguan","中共代表团成员，曾赴上海周公馆开展工作。","李维汉作为中共代表团成员于1946年前后到上海开展工作。馆藏照片和周公馆资料记录了他与周恩来、郭沫若等人的活动，相关工作包括宣传和平民主主张以及联系各界人士。","false","historical_fact","{""roles"":""中共代表团成员""}","[{""sourceId"":""SRC-004"",""locator"":""周恩来与郭沫若、李维汉合影说明"",""evidenceExcerpt"":""李维汉等中共代表团成员先后来沪开展工作。""}]","{""x"":580,""y"":360}"
"PER-019","person","陆定一","[]","zhougongguan","中共代表团成员，曾赴上海周公馆开展工作。","陆定一作为中共代表团成员于1946年前后到上海开展工作。周公馆馆藏说明将其列入先后来沪的代表团成员，其活动属于办事处公开宣传、社会联络和统一战线工作的组成部分。","false","historical_fact","{""roles"":""中共代表团成员""}","[{""sourceId"":""SRC-004"",""locator"":""周恩来与郭沫若、李维汉合影说明"",""evidenceExcerpt"":""陆定一等中共代表团成员先后来沪开展工作。""}]","{""x"":700,""y"":330}"
"PER-020","person","柔石","[""赵平复""]","longhua","左联五烈士之一，1931年在龙华牺牲。","柔石是中国左翼作家联盟成员和左联五烈士之一。1931年1月在上海被捕后被移解龙华监狱，2月7日晚与胡也频、殷夫、冯铿、李求实及其他19位革命者一同被秘密杀害。","true","historical_fact","{""roles"":""左联五烈士""}","[{""sourceId"":""SRC-025"",""locator"":""左联五烈士被捕名单与事件影响"",""evidenceExcerpt"":""1931年1月17至18日，柔石、胡也频、殷夫、冯铿、李伟森先后被捕。""}]","{""x"":760,""y"":650}"
"PER-021","person","胡也频","[]","longhua","左联五烈士之一，1931年在龙华牺牲。","胡也频是中国左翼作家联盟成员和左联五烈士之一。1931年1月在上海被捕后被移解龙华监狱，2月7日晚与柔石、殷夫、冯铿、李求实及其他19位革命者一同被秘密杀害。","true","historical_fact","{""roles"":""左联五烈士""}","[{""sourceId"":""SRC-025"",""locator"":""左联五烈士被捕名单与事件影响"",""evidenceExcerpt"":""1931年1月17至18日，柔石、胡也频、殷夫、冯铿、李伟森先后被捕。""}]","{""x"":880,""y"":620}"
"PER-022","person","殷夫","[""徐白""]","longhua","左联五烈士之一，1931年在龙华牺牲。","殷夫是中国左翼作家联盟成员、革命诗人和左联五烈士之一。1931年1月在上海被捕后被移解龙华监狱，2月7日晚与其他23位革命者一同被秘密杀害，其诗歌与事迹成为左翼文化记忆的重要部分。","true","historical_fact","{""roles"":""左联五烈士""}","[{""sourceId"":""SRC-025"",""locator"":""左联五烈士被捕名单与事件影响"",""evidenceExcerpt"":""1931年1月17至18日，柔石、胡也频、殷夫、冯铿、李伟森先后被捕。""}]","{""x"":1000,""y"":650}"
"PER-023","person","冯铿","[]","longhua","左联五烈士之一，1931年在龙华牺牲。","冯铿是中国左翼作家联盟成员和左联五烈士之一。1931年1月在上海被捕后被移解龙华监狱，2月7日晚与柔石、胡也频、殷夫、李求实及其他19位革命者一同被秘密杀害。","true","historical_fact","{""roles"":""左联五烈士""}","[{""sourceId"":""SRC-025"",""locator"":""左联五烈士被捕名单与事件影响"",""evidenceExcerpt"":""1931年1月17至18日，柔石、胡也频、殷夫、冯铿、李伟森先后被捕。""}]","{""x"":1120,""y"":620}"
"PER-024","person","李求实","[""李伟森""]","longhua","左联五烈士之一，曾使用李伟森等笔名，1931年在龙华牺牲。","李求实是左翼文化运动成员和左联五烈士之一，1928年在上海从事文艺宣传工作时使用李伟森笔名。1931年1月被捕并移解龙华，2月7日晚与其他23位革命者一同被秘密杀害。","true","historical_fact","{""roles"":""左联五烈士""}","[{""sourceId"":""SRC-027"",""locator"":""白云黄鹤是故乡、山雨欲来风满楼"",""evidenceExcerpt"":""1928年在上海做文艺宣传工作时改用伟森笔名；1931年1月在上海东方旅社被捕。""}]","{""x"":1240,""y"":650}"
"PLC-001","place","中共一大纪念馆","[""中国共产党第一次全国代表大会纪念馆""]","yida","本次研学第一站，系统展示中国共产党创建历史。","中共一大纪念馆位于上海市黄浦区黄陂南路374号，下辖中共一大会址、中共一大代表宿舍旧址（博文女校）和中共代表团驻沪办事处旧址（周公馆），通过基本陈列系统呈现中国共产党的诞生历程。","true","historical_fact","{""placeSubtype"":""museum"",""modernAddress"":""上海市黄浦区黄陂南路374号"",""longitude"":121.4753,""latitude"":31.2216}","[{""sourceId"":""SRC-001"",""locator"":""官网开放信息"",""evidenceExcerpt"":""纪念馆地址为上海市黄浦区黄陂南路374号。""}]","{""x"":160,""y"":220}"
"PLC-002","place","中国共产党第一次全国代表大会会址","[""中共一大会址"",""树德里""]","yida","1921年中共一大在上海开幕时使用的历史会场。","会址位于上海原法租界望志路106号，即今兴业路76号，是一幢1920年建成的石库门建筑。1921年7月23日中共一大在此开幕，7月30日晚第六次会议受到干扰并遭法租界巡捕搜查。","true","historical_fact","{""placeSubtype"":""historic_site"",""modernAddress"":""上海市黄浦区兴业路76号"",""historicalAddress"":""法租界望志路106号"",""longitude"":121.4732,""latitude"":31.2224}","[{""sourceId"":""SRC-001"",""locator"":""一大会址介绍"",""evidenceExcerpt"":""1921年7月23日，中共一大在上海开幕。""}]","{""x"":300,""y"":210}"
"PLC-003","place","中国共产党代表团驻沪办事处旧址","[""周公馆"",""周恩来将军官邸""]","zhougongguan","本次研学第二站，1946年中共代表团在上海的公开办事机构旧址。","历史旧址位于上海市黄浦区思南路73号，原门牌为思南路107号；相邻71号于1994年纳入纪念馆业务用房，当前参观地址为71、73号。1946年至1947年间，办事处以“周公馆”名义开展宣传、联络和统一战线工作。","true","historical_fact","{""placeSubtype"":""historic_site"",""modernAddress"":""上海市黄浦区思南路73号"",""historicalAddress"":""上海市思南路107号"",""visitorAddress"":""上海市黄浦区思南路71、73号"",""longitude"":121.4674,""latitude"":31.2114}","[{""sourceId"":""SRC-003"",""locator"":""周公馆简介与开放指南"",""evidenceExcerpt"":""旧址为思南路73号（原107号）；71号于1994年纳入业务用房，当前参观地址为思南路71、73号。""}]","{""x"":520,""y"":470}"
"PLC-004","place","上海市龙华烈士陵园","[""龙华烈士陵园""]","longhua","本次研学第三站，集纪念、教育和烈士褒扬功能于一体。","上海市龙华烈士陵园位于徐汇区龙华西路180号，依托龙华革命烈士纪念地及墓、碑、馆等设施，承担烈士纪念、史料研究、祭扫服务和公共教育功能，1995年7月1日建成并开放。","true","historical_fact","{""placeSubtype"":""memorial_cemetery"",""modernAddress"":""上海市徐汇区龙华西路180号"",""longitude"":121.4494,""latitude"":31.1822}","[{""sourceId"":""SRC-005"",""locator"":""基本信息"",""evidenceExcerpt"":""具体地址为龙华西路180号，主要设施包括墓、碑、馆。""},{""sourceId"":""SRC-029"",""locator"":""陵园沿革"",""evidenceExcerpt"":""1995年7月1日，龙华烈士陵园建成并对外开放。""}]","{""x"":920,""y"":760}"
"PLC-005","place","嘉兴南湖红船续会地点","[""南湖红船"",""嘉兴南湖""]","yida","中共一大由上海转移至嘉兴南湖后继续举行的历史地点。","中共一大上海会场遭搜查后，与会者分批前往浙江嘉兴，以南湖游船作为相对隐蔽的流动会场，继续最后一天会议并完成重要议程。闭会具体日期仍有争议，因此本图谱不将某一日写成定论。","true","historical_fact","{""placeSubtype"":""historic_site"",""modernAddress"":""浙江省嘉兴市南湖景区"",""longitude"":120.7636,""latitude"":30.7575}","[{""sourceId"":""SRC-002"",""locator"":""会议转移与南湖续会"",""evidenceExcerpt"":""会议由上海转移到嘉兴南湖的一艘游船上继续举行。""}]","{""x"":520,""y"":150}"
"PLC-006","place","博文女校旧址","[]","yida","中共一大部分代表在上海会议期间住宿和联络的关联地点。","博文女校1920年迁至白尔路389号，即今太仓路127号。1921年中共一大召开前夕，多位外地代表以“北京大学暑期旅行团”名义在此借宿并开展会前交流；旧址经修缮后于2026年3月24日正式开放。","false","historical_fact","{""placeSubtype"":""associated_historic_site"",""modernAddress"":""上海市黄浦区太仓路127号""}","[{""sourceId"":""SRC-002"",""locator"":""一大在沪活动地点"",""evidenceExcerpt"":""博文女校是中共一大相关代表在沪活动的重要地点。""},{""sourceId"":""SRC-031"",""locator"":""旧址地址、历史用途与2026年开放信息"",""evidenceExcerpt"":""博文女校1920年迁至白尔路389号（今太仓路127号）；旧址于2026年3月24日正式开馆。""}]","{""x"":420,""y"":110}"
"PLC-007","place","龙华监狱旧址","[""龙华国民党淞沪警备司令部看守所""]","longhua","近代上海关押革命者的历史地点，与龙华英烈史密切相关。","龙华监狱旧址与原国民党淞沪警备司令部相关，是近代上海关押革命者的重要历史遗址。1931年大规模搜捕后，柔石等被捕者陆续被移解至此，狱中斗争与龙华二十四烈士事件由此相连。","true","historical_fact","{""placeSubtype"":""historic_prison"",""historicalAddress"":""龙华地区""}","[{""sourceId"":""SRC-026"",""locator"":""1931年搜捕、关押与狱中斗争"",""evidenceExcerpt"":""被捕者先被分处关押，后被解往位于龙华的原国民党淞沪警备司令部监狱。""}]","{""x"":760,""y"":740}"
"PLC-008","place","龙华就义地","[""龙华刑场""]","longhua","多位革命烈士在龙华牺牲的历史地点。","龙华就义地是原国民党淞沪警备司令部旧址相关历史空间。1931年2月7日晚，柔石、胡也频、殷夫、冯铿、李求实等24位革命者在龙华被秘密杀害，后合称龙华二十四烈士。","true","historical_fact","{""placeSubtype"":""martyrdom_site"",""historicalAddress"":""龙华地区""}","[{""sourceId"":""SRC-028"",""locator"":""1931年的今天，龙华二十四烈士遇难"",""evidenceExcerpt"":""1931年1月中旬先后被捕，不久移解龙华，2月7日晚遭秘密杀害。""}]","{""x"":1080,""y"":740}"
"PLC-009","place","上海","[""沪""]","cross_site","三处研学核心点位所在城市，也是中国共产党创建活动的重要城市空间。","上海是本次研学三处核心点位所在城市。中共一大会址记录1921年的建党实践，周公馆记录1946至1947年的公开宣传与统一战线工作，龙华烈士陵园保存革命英烈纪念空间，三者共同构成跨时期学习网络。","false","historical_fact","{""placeSubtype"":""city"",""longitude"":121.4737,""latitude"":31.2304}","[{""sourceId"":""SRC-015"",""locator"":""中共一大时间与地点"",""evidenceExcerpt"":""1921年7月23日，中国共产党第一次全国代表大会在上海法租界望志路106号开幕。""},{""sourceId"":""SRC-003"",""locator"":""周公馆简介"",""evidenceExcerpt"":""周公馆是1946年周恩来在上海工作、生活过的地方。""},{""sourceId"":""SRC-029"",""locator"":""龙华烈士陵园沿革"",""evidenceExcerpt"":""1995年7月1日，龙华烈士陵园建成并对外开放。""}]","{""x"":650,""y"":440}"
"PLC-010","place","嘉兴","[]","yida","中共一大从上海转移后完成会议的重要关联城市。","嘉兴是中共一大由上海转移后继续最后一天会议的关联城市。与会者分批抵达嘉兴并在南湖游船上完成重要议程，使上海会址与嘉兴南湖共同构成中国共产党诞生历程的空间链条。","false","historical_fact","{""placeSubtype"":""city"",""longitude"":120.7555,""latitude"":30.7461}","[{""sourceId"":""SRC-002"",""locator"":""嘉兴南湖续会"",""evidenceExcerpt"":""会议转移到浙江嘉兴南湖继续举行。""}]","{""x"":680,""y"":140}"
"EVT-001","event","中共一大在上海开幕","[]","yida","1921年7月23日晚，中国共产党第一次全国代表大会在上海法租界望志路106号开幕。","来自各地共产党早期组织的与会者在上海进入创建全国统一政党的正式议程，共产国际代表出席。","true","historical_fact","{""eventSubtype"":""conference"",""startDate"":""1921-07-23"",""datePrecision"":""day""}","[{""sourceId"":""SRC-015"",""locator"":""会议时间、地点与代表"",""evidenceExcerpt"":""1921年7月23日，中国共产党第一次全国代表大会在上海法租界望志路106号开幕。""},{""sourceId"":""SRC-014"",""locator"":""何时召开及议事日程"",""evidenceExcerpt"":""各地与会者直到7月23日到达上海，于是代表大会开幕。""}]","{""x"":300,""y"":300}"
"EVT-002","event","上海会场受到干扰并决定转移","[]","yida","1921年7月30日晚，一大第六次会议遭陌生人闯入和法租界巡捕搜查，代表决定转移会场。","上海会址暴露后，与会者为完成尚未结束的建党议程，决定转赴嘉兴南湖续会。","true","historical_fact","{""eventSubtype"":""conference_transition"",""startDate"":""1921-07-30"",""datePrecision"":""day"",""certainty"":""闯入者动机和发现会场原因仍有不同解释""}","[{""sourceId"":""SRC-017"",""locator"":""一大会场突遭搜查"",""evidenceExcerpt"":""7月30日晚，代表大会举行第六次会议；陌生人闯入后，十几分钟内法租界巡捕包围并搜查住宅。""},{""sourceId"":""SRC-014"",""locator"":""第六次会议记载"",""evidenceExcerpt"":""代表大会的第六次会议刚开始，就有一个侦探闯进屋里。""}]","{""x"":420,""y"":260}"
"EVT-003","event","中共一大在嘉兴南湖续会","[]","yida","上海会场暴露后，与会者分批转赴嘉兴，在南湖游船上举行最后一天会议。","会议由上海转移至嘉兴南湖，在流动且相对隐蔽的游船会场继续推进建党议程。","true","historical_fact","{""eventSubtype"":""conference"",""startDate"":""1921-07"",""endDate"":""1921-08"",""datePrecision"":""range"",""certainty"":""闭幕日期有7月31日、8月1日、8月2日、8月5日四种主要观点，尚无定论""}","[{""sourceId"":""SRC-015"",""locator"":""会议时间、地点与代表"",""evidenceExcerpt"":""最后一天的会议转移到浙江嘉兴南湖的游船上举行。""},{""sourceId"":""SRC-018"",""locator"":""从石库门到南湖红船、王会悟放哨"",""evidenceExcerpt"":""代表们从石库门出发登上嘉兴南湖游船；有船靠近时王会悟叩击舱门提醒停会。""},{""sourceId"":""SRC-016"",""locator"":""各日期观点与结语"",""evidenceExcerpt"":""上海最后一次会议为7月30日已有共识，而嘉兴南湖闭会日期存在较大分歧。""}]","{""x"":560,""y"":260}"
"EVT-004","event","中共一大完成主要议程并宣告中国共产党成立","[]","yida","最后一天会议通过党的第一个纲领和决议，产生中央局，中共一大宣告中国共产党正式成立。","各地共产党早期组织由此成为全国统一政党，中国革命的面貌从此焕然一新。","true","historical_fact","{""eventSubtype"":""party_founding"",""startDate"":""1921-07"",""endDate"":""1921-08"",""datePrecision"":""range"",""certainty"":""会议成果确定，闭幕精确日期尚无定论""}","[{""sourceId"":""SRC-015"",""locator"":""会议成果与历史意义"",""evidenceExcerpt"":""大会确定党的名称为中国共产党，通过第一个纲领和决议，选举产生中央局，宣告中国共产党正式成立。""},{""sourceId"":""SRC-019"",""locator"":""南湖会议成果与中央局选举"",""evidenceExcerpt"":""大会通过党的纲领和关于工作任务的决议草案，选举陈独秀、张国焘、李达组成中央局。""},{""sourceId"":""SRC-020"",""locator"":""历史意义"",""evidenceExcerpt"":""中国产生了共产党，这是开天辟地的大事变，中国革命的面貌从此焕然一新。""}]","{""x"":700,""y"":260}"
"EVT-005","event","中共代表团驻沪办事处设立","[""周公馆设立""]","zhougongguan","1946年6月，中共代表团在上海设立公开办事机构，并以“周公馆”名义开展工作。","办事处成为中共在上海宣传和平民主主张和联系各界人士的重要空间。","true","historical_fact","{""eventSubtype"":""office_establishment"",""startDate"":""1946-06"",""datePrecision"":""month""}","[{""sourceId"":""SRC-021"",""locator"":""办事处的设立"",""evidenceExcerpt"":""1946年5月中共代表团由重庆迁至南京，同时在上海积极筹设办事处。""},{""sourceId"":""SRC-022"",""locator"":""“周公馆”诞生记第6—9段"",""evidenceExcerpt"":""6月18日董必武提出“不让设立办事处，就称周公馆”；6月22日挂出周公馆户名牌。""}]","{""x"":420,""y"":520}"
"EVT-006","event","周恩来在周公馆举行记者招待会","[]","zhougongguan","1946年9月1日，周恩来在周公馆面向中外记者说明谈判受阻、内战扩大和反对美国援蒋的立场。","记者会配合办事处的出版宣传工作，突破国民党统治区的舆论封锁。","true","historical_fact","{""eventSubtype"":""press_conference"",""startDate"":""1946-09-01"",""datePrecision"":""day""}","[{""sourceId"":""SRC-004"",""locator"":""记者招待会照片"",""evidenceExcerpt"":""1946年9月1日，周恩来从南京来到上海，在周公馆分别召开中外记者招待会。""},{""sourceId"":""SRC-021"",""locator"":""宣传中国共产党和平民主正义主张"",""evidenceExcerpt"":""办事处通过记者招待会、出版刊物等方式宣传中共和平、民主的主张。""}]","{""x"":560,""y"":540}"
"EVT-007","event","中共代表团开展爱国民主统一战线工作","[]","zhougongguan","代表团在上海联系民主人士和文化界人士，沟通时局、反对内战并扩大爱国民主统一战线。","周恩来等通过拜会、座谈、评报和生活关怀，同各界进步力量建立持续联系。","true","historical_fact","{""eventSubtype"":""united_front"",""startDate"":""1946"",""datePrecision"":""year""}","[{""sourceId"":""SRC-004"",""locator"":""周恩来与郭沫若、李维汉在周公馆门前的合影"",""evidenceExcerpt"":""代表团拜会郭沫若、张澜、沈钧儒等民主人士，介绍谈判情况并交换意见。""},{""sourceId"":""SRC-023"",""locator"":""与民主人士评报、团结文艺界朋友"",""evidenceExcerpt"":""9月21日在周公馆召集文艺界人士座谈会，50余人到会。""}]","{""x"":700,""y"":520}"
"EVT-008","event","中共驻沪人员被迫撤离","[]","zhougongguan","1947年2月28日限令下达后，驻沪人员于3月5日被迫撤离上海，宁沪人员于3月7日返抵延安。","国民党方面限令中共驻宁沪人员撤返延安，周公馆公开工作告一段落。","true","historical_fact","{""eventSubtype"":""withdrawal"",""startDate"":""1947-02-28"",""endDate"":""1947-03-07"",""datePrecision"":""day""}","[{""sourceId"":""SRC-021"",""locator"":""撤离上海"",""evidenceExcerpt"":""董必武率领留守周公馆的最后一批成员坚持斗争，直至3月5日撤离上海。""},{""sourceId"":""SRC-024"",""locator"":""非赶不走，董必武最后撤离"",""evidenceExcerpt"":""2月28日限令3月5日前撤返；3月5日驻沪33人抵宁，3月7日宁沪人员74人撤返延安。""}]","{""x"":840,""y"":540}"
"EVT-009","event","周公馆旧址修复并筹建纪念馆","[]","zhougongguan","1979年起，旧址按程序修复、根据亲历者回忆校正陈设并逐步建立纪念馆。","旧址保护、历史空间复原和管理机构建设为正式开放奠定基础。","false","historical_fact","{""eventSubtype"":""heritage_restoration"",""startDate"":""1979-02"",""endDate"":""1985-03"",""datePrecision"":""month""}","[{""sourceId"":""SRC-003"",""locator"":""历史沿革第2段及机构沿革"",""evidenceExcerpt"":""1979年批准修复旧址；1981年依据邓颖超回忆校正陈设；1982年内部开放。""}]","{""x"":460,""y"":610}"
"EVT-010","event","周公馆纪念馆正式对外开放","[]","zhougongguan","1986年9月1日，周公馆纪念馆正式向社会公众开放，并逐步纳入国家级文物保护体系。","周公馆由历史工作空间转化为常态化革命纪念与公共教育空间。","false","historical_fact","{""eventSubtype"":""museum_opening"",""startDate"":""1986-09-01"",""datePrecision"":""day""}","[{""sourceId"":""SRC-003"",""locator"":""历史沿革第2—4段"",""evidenceExcerpt"":""1986年9月1日起正式对外开放，后续继续承担旧址保护和开放接待工作。""},{""sourceId"":""SRC-008"",""locator"":""第八批全国重点文物保护单位名单编号8-0569-5-053"",""evidenceExcerpt"":""中国共产党代表团驻沪办事处旧址，1946—1947年，上海市黄浦区。""}]","{""x"":620,""y"":620}"
"EVT-011","event","左联五烈士先后被捕","[]","longhua","1931年1月17日至18日，柔石、胡也频、殷夫、冯铿、李求实先后被捕，后被移解龙华。","这场搜捕重创上海左翼文化力量，并使五人的命运与龙华二十四烈士事件相连。","true","historical_fact","{""eventSubtype"":""arrest"",""startDate"":""1931-01-17"",""endDate"":""1931-01-18"",""datePrecision"":""day""}","[{""sourceId"":""SRC-025"",""locator"":""国民党加紧打压至左联五烈士事件影响"",""evidenceExcerpt"":""1931年1月17至18日，柔石、胡也频、殷夫、冯铿、李伟森先后被捕。""},{""sourceId"":""SRC-026"",""locator"":""慷慨高歌赴刑场的龙华二十四烈士第1段及狱中斗争段"",""evidenceExcerpt"":""1月17日至24日在十余处逮捕36人，先分处关押，后解往龙华监狱。""}]","{""x"":820,""y"":820}"
"EVT-012","event","左联五烈士在龙华牺牲","[""龙华二十四烈士遇难""]","longhua","1931年2月7日晚，五位左翼革命作家与其他19位革命者共24人在龙华被秘密杀害。","五位作家被称为左联五烈士，24位牺牲者合称龙华二十四烈士。","true","historical_fact","{""eventSubtype"":""martyrdom"",""startDate"":""1931-02-07"",""datePrecision"":""day""}","[{""sourceId"":""SRC-026"",""locator"":""附录行刑经过与遗骸发掘"",""evidenceExcerpt"":""2月7日晚以押解南京为名点出24人；1950年发掘出18具完整遗骸、碎骨及脚镣手铐等遗物。""},{""sourceId"":""SRC-028"",""locator"":""1931年的今天，龙华二十四烈士遇难"",""evidenceExcerpt"":""1931年1月中旬先后被捕，不久移解龙华，2月7日晚遭秘密杀害。""}]","{""x"":1020,""y"":840}"
"EVT-013","event","龙华烈士陵园开展纪念教育与祭扫服务","[]","longhua","1995年建成开放后，龙华烈士陵园逐步发展为集英烈纪念、史料研究、现场教学与公共传播于一体的平台。","园馆依托历史遗址和墓、碑、馆等设施，持续开展祭扫、展览、讲解、党课、研学和线上纪念。","false","historical_fact","{""eventSubtype"":""public_memorial_service"",""startDate"":""1995-07-01"",""datePrecision"":""ongoing""}","[{""sourceId"":""SRC-029"",""locator"":""沿革、组成与资质"",""evidenceExcerpt"":""1995年7月1日陵园建成并开放；分主题纪念园区、专题人物纪念馆、历史遗址三部分。""},{""sourceId"":""SRC-030"",""locator"":""聚焦英烈精神、整合一站式学习资源"",""evidenceExcerpt"":""每年举办红色主题活动逾2500场、党课500余场、讲解4000余批次；2023年入园260.41万人次。""}]","{""x"":1180,""y"":800}"
"EVT-014","event","上海三站红色研学与知识图谱建设","[""本次研学活动""]","cross_site","项目组按序参观三个点位，并将现场学习内容转化为可检索、可连接、可追溯的结构化知识图谱。","本节点只记录本次研学活动及数字成果建设，不承担外部历史事实证明功能。","true","itinerary","{""eventSubtype"":""study_activity"",""datePrecision"":""unknown""}","[{""sourceId"":""SRC-010"",""locator"":""研学任务说明及路线第1至3站"",""evidenceExcerpt"":""活动按序参观中共一大纪念馆、周公馆和龙华烈士陵园。""}]","{""x"":650,""y"":700}"
"TIM-001","time","1921年7月23日","[]","yida","中国共产党第一次全国代表大会在上海开幕的日期。","1921年7月23日是中国共产党第一次全国代表大会在上海开幕的日期，已有中央档案与权威党史资料相互印证。中国共产党成立纪念日为7月1日，两者性质不同，不应混为同一日期。","true","historical_fact","{""startDate"":""1921-07-23"",""endDate"":""1921-07-23"",""precision"":""day""}","[{""sourceId"":""SRC-001"",""locator"":""基本陈列导语"",""evidenceExcerpt"":""1921年7月23日，中共一大在上海开幕。""}]","{""x"":220,""y"":360}"
"TIM-002","time","1921年7月30日","[]","yida","中共一大上海阶段第六次会议遭陌生人闯入并被法租界巡捕搜查的日期。","权威党史考证认为，1921年7月30日晚，中共一大第六次会议刚开始即遭陌生人闯入，十几分钟后法租界巡捕进入会场搜查。该日期已有较强共识，但闯入者如何发现会场仍有不同解释。","false","historical_fact","{""startDate"":""1921-07-30"",""endDate"":""1921-07-30"",""precision"":""day"",""certainty"":""上海最后一次会议及搜查发生于7月30日已有较强共识""}","[{""sourceId"":""SRC-017"",""locator"":""一大会场突遭搜查"",""evidenceExcerpt"":""7月30日晚，代表大会举行第六次会议；陌生人闯入后，十几分钟内法租界巡捕包围并搜查住宅。""}]","{""x"":360,""y"":360}"
"TIM-003","time","1921年7月底至8月初","[]","yida","中共一大在嘉兴南湖续会并完成议程的跨月时间范围。","南湖续会与中共一大闭幕日期有7月31日、8月1日、8月2日、8月5日四种主要观点，权威党史研究认为尚无定论。本节点因此采用“1921年7月底至8月初”的范围表达，避免把争议日期写成确定史实。","true","historical_fact","{""startDate"":""1921-07"",""endDate"":""1921-08"",""precision"":""range"",""certainty"":""闭幕日期有7月31日、8月1日、8月2日、8月5日四种主要观点，尚无定论""}","[{""sourceId"":""SRC-016"",""locator"":""各日期观点与结语"",""evidenceExcerpt"":""上海最后一次会议为7月30日已有共识，而嘉兴南湖闭会日期存在较大分歧。""}]","{""x"":600,""y"":360}"
"TIM-004","time","1946年","[]","zhougongguan","中共代表团驻沪办事处设立并集中开展工作的年份。","1946年是中共代表团驻沪办事处设立并集中开展公开工作的年份。6月办事处以“周公馆”名义挂牌后，通过记者招待会、出版宣传、拜会和座谈等方式阐述和平民主主张并联系各界人士。","true","historical_fact","{""startDate"":""1946"",""endDate"":""1946"",""precision"":""year""}","[{""sourceId"":""SRC-003"",""locator"":""周公馆简介"",""evidenceExcerpt"":""周公馆是1946年周恩来在上海工作生活的地方。""}]","{""x"":380,""y"":680}"
"TIM-005","time","1947年2月28日至3月7日","[]","zhougongguan","从宁沪人员被限令撤返，到驻沪人员离沪并最终随宁沪人员返抵延安的时间范围。","该时间段记录中共驻宁沪人员被迫撤离的连续过程：1947年2月28日收到限令，驻沪33人于3月5日离沪抵宁，宁沪人员共74人于3月7日撤返延安。它不是单一事件日，而是一条可核对的时间链。","false","historical_fact","{""startDate"":""1947-02-28"",""endDate"":""1947-03-07"",""precision"":""range""}","[{""sourceId"":""SRC-024"",""locator"":""非赶不走，董必武最后撤离"",""evidenceExcerpt"":""2月28日限令3月5日前撤返；3月5日驻沪33人抵宁，3月7日宁沪人员74人撤返延安。""}]","{""x"":840,""y"":660}"
"TIM-006","time","1931年1月17日至18日","[]","longhua","柔石、胡也频、殷夫、冯铿、李求实五位左联成员先后被捕的时间范围。","上海党史资料记载，后来被称为左联五烈士的柔石、胡也频、殷夫、冯铿、李求实于1931年1月17日至18日先后被捕，并非五人同日同地被捕。放在更大范围看，同期搜捕持续至1月24日。","false","historical_fact","{""startDate"":""1931-01-17"",""endDate"":""1931-01-18"",""precision"":""range""}","[{""sourceId"":""SRC-025"",""locator"":""国民党加紧打压至左联五烈士事件影响"",""evidenceExcerpt"":""1931年1月17至18日，柔石、胡也频、殷夫、冯铿、李伟森先后被捕。""}]","{""x"":780,""y"":900}"
"TIM-007","time","1931年2月7日","[]","longhua","左联五烈士与其他19位革命者在龙华被秘密杀害的日期。","1931年2月7日晚，柔石、胡也频、殷夫、冯铿、李求实与另外19位革命者在龙华被秘密杀害，合称龙华二十四烈士。本节点用于把被捕、移解龙华与牺牲事件连接到明确日期。","true","historical_fact","{""startDate"":""1931-02-07"",""endDate"":""1931-02-07"",""precision"":""day""}","[{""sourceId"":""SRC-028"",""locator"":""1931年的今天，龙华二十四烈士遇难"",""evidenceExcerpt"":""1931年1月中旬先后被捕，不久移解龙华，2月7日晚遭秘密杀害。""}]","{""x"":1060,""y"":920}"
"TIM-008","time","1986年9月1日","[]","zhougongguan","周公馆纪念馆正式向社会开放的日期。","周公馆旧址自1979年起修复，并依据邓颖超等亲历者回忆校正内部陈设，1982年先行内部开放，最终于1986年9月1日起正式对社会公众开放，历史工作空间由此转化为常态化纪念场馆。","false","historical_fact","{""startDate"":""1986-09-01"",""endDate"":""1986-09-01"",""precision"":""day""}","[{""sourceId"":""SRC-003"",""locator"":""开放沿革"",""evidenceExcerpt"":""1986年9月1日起正式对外开放。""}]","{""x"":640,""y"":700}"
"ART-001","artifact","1920年9月陈望道译《共产党宣言》","[""陈望道译《共产党宣言》""]","yida","传播马克思主义的重要中文译本相关馆藏。","该藏品为1920年9月出版的陈望道翻译《共产党宣言》，现由中共一大纪念馆收藏并定为国家一级文物。展陈以这一中文译本说明马克思主义经典著作在中国的早期翻译与传播。","true","historical_fact","{""artifactSubtype"":""publication"",""authenticity"":""original"",""year"":""1920"",""currentHolder"":""中共一大纪念馆""}","[{""sourceId"":""SRC-033"",""locator"":""馆藏精品"",""evidenceExcerpt"":""1920年9月出版的陈望道译《共产党宣言》，级别为国家一级文物。""}]","{""x"":120,""y"":300}"
"ART-002","artifact","1946年周公馆记者招待会照片","[""周恩来记者招待会照片""]","zhougongguan","记录周恩来1946年9月1日在周公馆举行中外记者招待会的历史照片。","这张照片由记者在1946年9月1日周恩来于周公馆举行中外记者招待会时拍摄。照片所记录的公开说明涉及国共谈判受阻、内战扩大以及反对美国援蒋等立场，现作为周公馆馆藏资料展示。","false","historical_fact","{""artifactSubtype"":""historical_photograph"",""authenticity"":""original"",""year"":""1946"",""currentHolder"":""周公馆""}","[{""sourceId"":""SRC-004"",""locator"":""记者招待会照片藏品说明"",""evidenceExcerpt"":""1946年9月1日，周恩来在周公馆分别召开中外记者招待会；这张照片当时由记者拍摄。""}]","{""x"":220,""y"":260}"
"ART-003","artifact","周恩来题词《政协文献》","[""《政协文献》""]","zhougongguan","周恩来题写“为真民主真和平而奋斗到底”的馆藏文物。","这本《政协文献》保存周恩来1946年11月题写的“为真民主真和平而奋斗到底”及签名，由《大锡报》副主编钱小柏长期保存，1986年捐献给纪念馆，后经专家鉴定为国家一级文物。","true","historical_fact","{""artifactSubtype"":""publication"",""authenticity"":""original"",""year"":""1946"",""currentHolder"":""周公馆"",""heritageLevel"":""国家一级文物""}","[{""sourceId"":""SRC-004"",""locator"":""政协文献藏品条目"",""evidenceExcerpt"":""周恩来题写“为真民主真和平而奋斗到底”，该文物后捐献给纪念馆。""}]","{""x"":420,""y"":430}"
"ART-004","artifact","周恩来手书悼词","[""李公朴闻一多悼词""]","zhougongguan","周恩来为李公朴、闻一多书写的悼词，现藏周公馆。","1946年李公朴、闻一多先后遇害后，身在上海周公馆的周恩来写下七十多字悼词，后由邓颖超在追悼大会上诵读。手稿现收藏于周公馆，表达对两位爱国民主人士的悼念与反对暴力的立场。","true","historical_fact","{""artifactSubtype"":""manuscript"",""authenticity"":""original"",""year"":""1946"",""currentHolder"":""周公馆""}","[{""sourceId"":""SRC-004"",""locator"":""周恩来手书悼词藏品条目"",""evidenceExcerpt"":""周恩来为李公朴、闻一多书写悼词，现收藏于周公馆。""}]","{""x"":720,""y"":430}"
"ART-005","artifact","龙华烈士纪念碑","[]","longhua","龙华烈士陵园公开资料所列墓、碑、馆纪念设施中的碑类设施索引。","上海市退役军人事务局公开资料将龙华烈士陵园主要设施概括为墓、碑、馆。本节点仅把其中的纪念碑作为现场设施索引，不对具体建造年代、材质、文物等级或未被来源直接支持的功能作出判断。","true","historical_fact","{""artifactSubtype"":""memorial_monument"",""authenticity"":""not_applicable"",""currentHolder"":""上海市龙华烈士陵园""}","[{""sourceId"":""SRC-005"",""locator"":""主要设施"",""evidenceExcerpt"":""龙华烈士陵园主要设施包括墓、碑、馆。""}]","{""x"":900,""y"":700}"
"ART-006","artifact","龙华烈士纪念馆展陈","[""龙华英烈主题展陈""]","longhua","龙华烈士陵园公开资料所列纪念馆及其纪念教育功能的展陈索引。","上海市退役军人事务局公开资料确认龙华烈士陵园设有纪念馆并承担纪念教育功能。本节点用于索引馆内展陈入口，不对展项构成、展示手段或单件展品真伪作来源未直接支持的判断。","false","historical_fact","{""artifactSubtype"":""museum_exhibition"",""authenticity"":""not_applicable"",""currentHolder"":""上海市龙华烈士陵园""}","[{""sourceId"":""SRC-005"",""locator"":""纪念馆设施"",""evidenceExcerpt"":""陵园设有馆等纪念设施并承担纪念教育功能。""}]","{""x"":1120,""y"":700}"
"SPI-001","spirit","伟大建党精神","[]","cross_site","中国共产党的精神之源，由四组正式表述共同构成。","伟大建党精神是中国共产党的精神之源，正式表述为“坚持真理、坚守理想，践行初心、担当使命，不怕牺牲、英勇斗争，对党忠诚、不负人民”。本节点连接正式表述与相关历史实践。","true","historical_fact","{""spiritSubtype"":""formal_spirit"",""formulationStatus"":""official""}","[{""sourceId"":""SRC-007"",""locator"":""伟大建党精神正式表述"",""evidenceExcerpt"":""坚持真理、坚守理想，践行初心、担当使命，不怕牺牲、英勇斗争，对党忠诚、不负人民。""}]","{""x"":520,""y"":850}"
"SPI-002","spirit","坚持真理、坚守理想","[]","cross_site","伟大建党精神正式表述的第一组内容。","“坚持真理、坚守理想”是伟大建党精神正式表述的第一组内容，强调对马克思主义真理的坚持以及对共产主义远大理想和中国特色社会主义共同理想的坚守。本节点不把项目阐释替代为新的正式定义。","true","historical_fact","{""spiritSubtype"":""formulation_component"",""formulationStatus"":""official""}","[{""sourceId"":""SRC-007"",""locator"":""伟大建党精神正式表述"",""evidenceExcerpt"":""坚持真理、坚守理想。""}]","{""x"":400,""y"":940}"
"SPI-003","spirit","践行初心、担当使命","[]","cross_site","伟大建党精神正式表述的第二组内容。","“践行初心、担当使命”是伟大建党精神正式表述的第二组内容，强调中国共产党人的初心使命及其行动担当。图谱以解释性关系连接建党、宣传和统一战线实践，不将这种关联写成来源原文。","true","historical_fact","{""spiritSubtype"":""formulation_component"",""formulationStatus"":""official""}","[{""sourceId"":""SRC-007"",""locator"":""伟大建党精神正式表述"",""evidenceExcerpt"":""践行初心、担当使命。""}]","{""x"":540,""y"":980}"
"SPI-004","spirit","不怕牺牲、英勇斗争","[]","cross_site","伟大建党精神正式表述的第三组内容。","“不怕牺牲、英勇斗争”是伟大建党精神正式表述的第三组内容，概括在艰难险阻和生死考验面前坚持斗争、勇于牺牲的革命品格。与龙华英烈事迹的连接属于有来源支撑的项目阐释。","true","historical_fact","{""spiritSubtype"":""formulation_component"",""formulationStatus"":""official""}","[{""sourceId"":""SRC-007"",""locator"":""伟大建党精神正式表述"",""evidenceExcerpt"":""不怕牺牲、英勇斗争。""}]","{""x"":680,""y"":940}"
"SPI-005","spirit","对党忠诚、不负人民","[]","cross_site","伟大建党精神正式表述的第四组内容。","“对党忠诚、不负人民”是伟大建党精神正式表述的第四组内容，强调政治忠诚与人民立场。图谱将其作为理解周公馆宣传、社会联络和统一战线工作的精神内涵，相关连线明确标为解释性关系。","true","historical_fact","{""spiritSubtype"":""formulation_component"",""formulationStatus"":""official""}","[{""sourceId"":""SRC-007"",""locator"":""伟大建党精神正式表述"",""evidenceExcerpt"":""对党忠诚、不负人民。""}]","{""x"":820,""y"":980}"
"SPI-006","spirit","龙华英烈革命品格","[""龙华英烈精神""]","longhua","项目依据场馆英烈叙事归纳的革命品格主题，不作为正式精神名称。","“龙华英烈革命品格”是项目依据场馆纪念叙事归纳的解释性主题，用于连接英烈的理想信念、狱中斗争与牺牲奉献。它不是中央发布的正式精神名称，界面以“场馆阐释与项目归纳”明确标注其来源边界。","false","interpretation","{""spiritSubtype"":""revolutionary_quality"",""formulationStatus"":""curatorial"",""interpretationOrigin"":""场馆阐释与项目归纳""}","[{""sourceId"":""SRC-005"",""locator"":""纪念设施功能"",""evidenceExcerpt"":""陵园通过墓、碑、馆等设施开展烈士纪念教育。""},{""sourceId"":""SRC-026"",""locator"":""龙华狱中斗争"",""evidenceExcerpt"":""在狱中，面对多次提审与威逼利诱，他们表现出大无畏的英雄气概和革命乐观主义精神。""}]","{""x"":980,""y"":980}"
